,features,importance
0,Op,0.4443947014799755
1,Bsite d,0.08013182836343327
2,Bsite CS,0.07005819987376119
3,Asite IP,0.05106940853984885
4,At2g,0.05027171494403809
5,Bt2g,0.04240901876866673
6,Bsite atomic_radius,0.04089440908260293
7,Ap,0.03337088466556176
8,Bp,0.03230858389188991
9,Asite d,0.031634915614474415
10,Bsite exp_EA,0.02745657991583935
11,Beg,0.026441432133036485
12,Asite Z,0.021843738392613395
13,Bsite IP,0.016638981353776165
14,Asite exp_EA,0.01603502957127178
15,GM,0.015040573409210157
